<?xml version="1.0" encoding="UTF-8" standalone="no" ?><CAERep ObjId="2" Type="CAERep" Ver="2"><Goal PropType="string">Unknown</Goal><InProcess PropType="bool">true</InProcess><LastDatabaseId PropType="unsigned int">8</LastDatabaseId><PartialCode PropType="int">2</PartialCode><ProductVersion PropType="string">Unknown</ProductVersion><ProjectName PropType="string">Unknown</ProjectName><ReturnCode PropType="int">4</ReturnCode><SysvarMap PropType="map&lt;string,string>"/><Message ObjId="6" Type="Message" Ver="2"><FillStrings PropType="vector&lt;string>">8,4340844311552E-08,1E-07</FillStrings><Text PropType="string">ID_E_MBD_IntegrationForSmallTimeStep</Text><Type PropType="string">Warning</Type></Message><Message ObjId="7" Type="Message" Ver="2"><Text PropType="string">IDS_FA_SUCCESS_PARTIAL_SOLUTION</Text><Type PropType="string">Warning</Type></Message><Message ObjId="8" Type="Message" Ver="2"><Text PropType="string">IDS_FA_SUCCESS_PARTIAL_SOLUTION</Text><Type PropType="string">Warning</Type></Message><PostRep ObjId="3" Type="PostRep" Ver="2"><FatigueRep ObjId="5" Type="FatigueRep" Ver="2"/><ResultRep ObjId="4" Type="ResultRep" Ver="2"><CalculationType PropType="string">Both</CalculationType><resultFilename PropType="string">file.mbd</resultFilename><rstUnitSystem PropType="int">11</rstUnitSystem></ResultRep></PostRep></CAERep>