<?xml version="1.0" encoding="UTF-8" standalone="no" ?><CAERep ObjId="108" Type="CAERep" Ver="2"><CapabilityId PropType="string">DESKTOP-17TRFEN-rizvansky-15616-000478</CapabilityId><DSEnvironmentID PropType="int">48</DSEnvironmentID><ExternalProductVersion PropType="string">2022 R1</ExternalProductVersion><Goal PropType="string">RunSolver</Goal><HasBetaKeyOn PropType="bool">false</HasBetaKeyOn><InProcess PropType="bool">false</InProcess><LastDatabaseId PropType="unsigned int">190</LastDatabaseId><LicenseServer PropType="string">63380@DESKTOP-17TRFEN</LicenseServer><NumProcessorsForPost PropType="int">0</NumProcessorsForPost><PID_Legacy_Solve PropType="int">0</PID_Legacy_Solve><PartialCode PropType="int">1</PartialCode><ProductVersion PropType="string">22.1 RELEASE</ProductVersion><ProductVersionForSec PropType="string">22.1</ProductVersionForSec><ProjectName PropType="string">wbnew--Transient (A5)</ProjectName><ReturnCode PropType="int">1</ReturnCode><SolveInvokedFromAddin PropType="int">0</SolveInvokedFromAddin><SysvarMap PropType="map&lt;string,string>"/><EngineeringRep ObjId="109" Type="EngineeringRep" Ver="2"><BCRep ObjId="112" Type="BCRep" Ver="2"><StepEndTimes PropType="vector&lt;double>" UCat="Time" Unt="s">    5</StepEndTimes><Acceleration ObjId="100" Type="Acceleration" Ver="2"><Caption PropType="string">Standard Earth Gravity</Caption><IsBaseExcitation PropType="bool">false</IsBaseExcitation><RefCoordSysId PropType="unsigned int">34</RefCoordSysId><LoadStep ObjId="184" Type="LoadStep" Ver="2"><ActiveBitmask PropType="vector&lt;int>">63</ActiveBitmask><IsActive PropType="vector&lt;bool>">true</IsActive><Number PropType="vector&lt;int>"/></LoadStep><ComponentX ObjId="185" Type="Table" Ver="2"><StepNumber PropType="vector&lt;int>">1,1,1</StepNumber><Time PropType="vector&lt;double>" UCat="Time" Unt="s">    0,    1,    5</Time><Values PropType="vector&lt;double>" UCat="Acceleration" Unt="m s^-2">   -0,   -0,   -0</Values></ComponentX><ComponentY ObjId="186" Type="Table" Ver="2"><StepNumber PropType="vector&lt;int>">1,1,1</StepNumber><Time PropType="vector&lt;double>" UCat="Time" Unt="s">    0,    1,    5</Time><Values PropType="vector&lt;double>" UCat="Acceleration" Unt="m s^-2">9.806649999999999,9.806649999999999,9.806649999999999</Values></ComponentY><ComponentZ ObjId="187" Type="Table" Ver="2"><StepNumber PropType="vector&lt;int>">1,1,1</StepNumber><Time PropType="vector&lt;double>" UCat="Time" Unt="s">    0,    1,    5</Time><Values PropType="vector&lt;double>" UCat="Acceleration" Unt="m s^-2">   -0,   -0,   -0</Values></ComponentZ></Acceleration><JointConditionRep ObjId="102" Type="JointConditionRep" Ver="2"><Caption PropType="string">Joint - Rotational Acceleration</Caption><DOF PropType="string">RotZ</DOF><JointSelectionId PropType="unsigned int">67</JointSelectionId><LockAtLoadStep PropType="unsigned int">0</LockAtLoadStep><TableFFTCutoff PropType="double" UCat="Frequency" Unt="Hz">    0</TableFFTCutoff><TableFittingMethod PropType="string">Program Controlled</TableFittingMethod><Type PropType="string">RotationalAcceleration</Type><LoadStep ObjId="183" Type="LoadStep" Ver="2"><ActiveBitmask PropType="vector&lt;int>">63</ActiveBitmask><IsActive PropType="vector&lt;bool>">true</IsActive><Number PropType="vector&lt;int>"/></LoadStep><Magnitude ObjId="182" Type="Table" Ver="2"><StepNumber PropType="vector&lt;int>">1,1,1</StepNumber><Time PropType="vector&lt;double>" UCat="Time" Unt="s">    0,    1,    5</Time><Values PropType="vector&lt;double>" UCat="AngularAcceleration" Unt="rad s^-2">  0.2,  0.2,  0.2</Values></Magnitude></JointConditionRep><JointRep ObjId="60" Type="JointRep" Ver="2"><Caption PropType="string">Fixed - Ground To Base</Caption><CondensedPartId PropType="int">0</CondensedPartId><DOFMask PropType="unsigned int">119</DOFMask><MeshReferenceId PropType="unsigned int">228</MeshReferenceId><MobileAnsPoint PropType="unsigned int">62</MobileAnsPoint><MobileCoordinateSysId PropType="unsigned int">63</MobileCoordinateSysId><MobileNodeId PropType="unsigned int">6</MobileNodeId><ReferenceAnsPoint PropType="unsigned int">61</ReferenceAnsPoint><ReferenceCoordinateSysId PropType="unsigned int">63</ReferenceCoordinateSysId><ReferenceNodeId PropType="unsigned int">5</ReferenceNodeId><Scoping PropType="vector&lt;string>">-1,66</Scoping><ScopingType PropType="string">BodyToGround</ScopingType><SolverElementType PropType="string">ProgramControlled</SolverElementType><StageId PropType="int">0</StageId><Type PropType="string">Fixed</Type></JointRep><JointRep ObjId="67" Type="JointRep" Ver="2"><Caption PropType="string">Revolute - Base To C1</Caption><CondensedPartId PropType="int">0</CondensedPartId><DOFMask PropType="unsigned int">55</DOFMask><MeshReferenceId PropType="unsigned int">233</MeshReferenceId><MobileAnsPoint PropType="unsigned int">69</MobileAnsPoint><MobileCoordinateSysId PropType="unsigned int">70</MobileCoordinateSysId><MobileNodeId PropType="unsigned int">8</MobileNodeId><ReferenceAnsPoint PropType="unsigned int">68</ReferenceAnsPoint><ReferenceCoordinateSysId PropType="unsigned int">70</ReferenceCoordinateSysId><ReferenceNodeId PropType="unsigned int">7</ReferenceNodeId><Scoping PropType="vector&lt;string>">73,74</Scoping><ScopingType PropType="string">BodyToBody</ScopingType><SolverElementType PropType="string">ProgramControlled</SolverElementType><StageId PropType="int">0</StageId><Type PropType="string">Revolute</Type><JointFrictionProperties ObjId="175" Type="JointFrictionProperties" Ver="2"><DynamicFrictionCoefficient PropType="double">    0</DynamicFrictionCoefficient><FrictionEffectiveLength PropType="double" UCat="Length" Unt="m">    0</FrictionEffectiveLength><FrictionInnerRadius PropType="double" UCat="Length" Unt="m">    0</FrictionInnerRadius><FrictionOuterRadius PropType="double" UCat="Length" Unt="m">    0</FrictionOuterRadius><FrictionRadius PropType="double" UCat="Length" Unt="m">    0</FrictionRadius><FrictionType PropType="string">ProgramControlled</FrictionType></JointFrictionProperties><TorsionalProperties ObjId="174" Type="TorsionalProperties" Ver="2"><TorsionalDamping PropType="double" UCat="RotationalDamping" Unt="N m s rad^-1">    0</TorsionalDamping><TorsionalStiffness PropType="double" UCat="RotationalStiffness" Unt="N m rad^-1">    0</TorsionalStiffness></TorsionalProperties></JointRep><JointRep ObjId="75" Type="JointRep" Ver="2"><Caption PropType="string">Revolute - C1 To C2</Caption><CondensedPartId PropType="int">0</CondensedPartId><DOFMask PropType="unsigned int">55</DOFMask><MeshReferenceId PropType="unsigned int">238</MeshReferenceId><MobileAnsPoint PropType="unsigned int">77</MobileAnsPoint><MobileCoordinateSysId PropType="unsigned int">78</MobileCoordinateSysId><MobileNodeId PropType="unsigned int">10</MobileNodeId><ReferenceAnsPoint PropType="unsigned int">76</ReferenceAnsPoint><ReferenceCoordinateSysId PropType="unsigned int">78</ReferenceCoordinateSysId><ReferenceNodeId PropType="unsigned int">9</ReferenceNodeId><Scoping PropType="vector&lt;string>">81,82</Scoping><ScopingType PropType="string">BodyToBody</ScopingType><SolverElementType PropType="string">ProgramControlled</SolverElementType><StageId PropType="int">0</StageId><Type PropType="string">Revolute</Type><JointFrictionProperties ObjId="177" Type="JointFrictionProperties" Ver="2"><DynamicFrictionCoefficient PropType="double">    0</DynamicFrictionCoefficient><FrictionEffectiveLength PropType="double" UCat="Length" Unt="m">    0</FrictionEffectiveLength><FrictionInnerRadius PropType="double" UCat="Length" Unt="m">    0</FrictionInnerRadius><FrictionOuterRadius PropType="double" UCat="Length" Unt="m">    0</FrictionOuterRadius><FrictionRadius PropType="double" UCat="Length" Unt="m">    0</FrictionRadius><FrictionType PropType="string">ProgramControlled</FrictionType></JointFrictionProperties><TorsionalProperties ObjId="176" Type="TorsionalProperties" Ver="2"><TorsionalDamping PropType="double" UCat="RotationalDamping" Unt="N m s rad^-1">    0</TorsionalDamping><TorsionalStiffness PropType="double" UCat="RotationalStiffness" Unt="N m rad^-1">    0</TorsionalStiffness></TorsionalProperties></JointRep><JointRep ObjId="83" Type="JointRep" Ver="2"><Caption PropType="string">Revolute - C2 To C3</Caption><CondensedPartId PropType="int">0</CondensedPartId><DOFMask PropType="unsigned int">55</DOFMask><MeshReferenceId PropType="unsigned int">243</MeshReferenceId><MobileAnsPoint PropType="unsigned int">85</MobileAnsPoint><MobileCoordinateSysId PropType="unsigned int">86</MobileCoordinateSysId><MobileNodeId PropType="unsigned int">12</MobileNodeId><ReferenceAnsPoint PropType="unsigned int">84</ReferenceAnsPoint><ReferenceCoordinateSysId PropType="unsigned int">86</ReferenceCoordinateSysId><ReferenceNodeId PropType="unsigned int">11</ReferenceNodeId><Scoping PropType="vector&lt;string>">89,90</Scoping><ScopingType PropType="string">BodyToBody</ScopingType><SolverElementType PropType="string">ProgramControlled</SolverElementType><StageId PropType="int">0</StageId><Type PropType="string">Revolute</Type><JointFrictionProperties ObjId="179" Type="JointFrictionProperties" Ver="2"><DynamicFrictionCoefficient PropType="double">    0</DynamicFrictionCoefficient><FrictionEffectiveLength PropType="double" UCat="Length" Unt="m">    0</FrictionEffectiveLength><FrictionInnerRadius PropType="double" UCat="Length" Unt="m">    0</FrictionInnerRadius><FrictionOuterRadius PropType="double" UCat="Length" Unt="m">    0</FrictionOuterRadius><FrictionRadius PropType="double" UCat="Length" Unt="m">    0</FrictionRadius><FrictionType PropType="string">ProgramControlled</FrictionType></JointFrictionProperties><TorsionalProperties ObjId="178" Type="TorsionalProperties" Ver="2"><TorsionalDamping PropType="double" UCat="RotationalDamping" Unt="N m s rad^-1">    0</TorsionalDamping><TorsionalStiffness PropType="double" UCat="RotationalStiffness" Unt="N m rad^-1">    0</TorsionalStiffness></TorsionalProperties></JointRep><JointRep ObjId="91" Type="JointRep" Ver="2"><Caption PropType="string">Revolute - Base To C3</Caption><CondensedPartId PropType="int">0</CondensedPartId><DOFMask PropType="unsigned int">55</DOFMask><MeshReferenceId PropType="unsigned int">248</MeshReferenceId><MobileAnsPoint PropType="unsigned int">93</MobileAnsPoint><MobileCoordinateSysId PropType="unsigned int">94</MobileCoordinateSysId><MobileNodeId PropType="unsigned int">14</MobileNodeId><ReferenceAnsPoint PropType="unsigned int">92</ReferenceAnsPoint><ReferenceCoordinateSysId PropType="unsigned int">94</ReferenceCoordinateSysId><ReferenceNodeId PropType="unsigned int">13</ReferenceNodeId><Scoping PropType="vector&lt;string>">97,98</Scoping><ScopingType PropType="string">BodyToBody</ScopingType><SolverElementType PropType="string">ProgramControlled</SolverElementType><StageId PropType="int">0</StageId><Type PropType="string">Revolute</Type><JointFrictionProperties ObjId="181" Type="JointFrictionProperties" Ver="2"><DynamicFrictionCoefficient PropType="double">    0</DynamicFrictionCoefficient><FrictionEffectiveLength PropType="double" UCat="Length" Unt="m">    0</FrictionEffectiveLength><FrictionInnerRadius PropType="double" UCat="Length" Unt="m">    0</FrictionInnerRadius><FrictionOuterRadius PropType="double" UCat="Length" Unt="m">    0</FrictionOuterRadius><FrictionRadius PropType="double" UCat="Length" Unt="m">    0</FrictionRadius><FrictionType PropType="string">ProgramControlled</FrictionType></JointFrictionProperties><TorsionalProperties ObjId="180" Type="TorsionalProperties" Ver="2"><TorsionalDamping PropType="double" UCat="RotationalDamping" Unt="N m s rad^-1">    0</TorsionalDamping><TorsionalStiffness PropType="double" UCat="RotationalStiffness" Unt="N m rad^-1">    0</TorsionalStiffness></TorsionalProperties></JointRep></BCRep><GeometryAttributes ObjId="110" Type="GeometryAttributes" Ver="2"><AssemblyAttributes ObjId="111" Type="AssemblyAttributes" Ver="2"><ElementOptionControl PropType="string">ProgramControlled</ElementOptionControl><GeometrySource PropType="string">C:\Users\rizvansky\AppData\Local\Temp\WB_rizvansky_10284_2\wbnew_files\dp0\SYS\DM\SYS.agdb</GeometrySource><Is2DAnalysis PropType="bool">false</Is2DAnalysis><IsMixedDimension PropType="bool">false</IsMixedDimension><PartAttributes ObjId="20" Type="PartAttributes" Ver="2"><Caption PropType="string">Base Bodies</Caption><Mass PropType="double" UCat="Mass" Unt="kg">2.82828033401375</Mass><PartId PropType="unsigned int">3</PartId><BodyAttributes ObjId="21" Type="BodyAttributes" Ver="2"><AreNonLinearEffectsOn PropType="bool">true</AreNonLinearEffectsOn><BoundingBoxDiagonal PropType="double" UCat="Length" Unt="m">0.1865363857965462</BoundingBoxDiagonal><Caption PropType="string">Base</Caption><GeometryType PropType="string">Solid</GeometryType><Mass PropType="double" UCat="Mass" Unt="kg">2.82828033401375</Mass><ProtoReferenceId PropType="unsigned int">28</ProtoReferenceId><StiffnessBehavior PropType="string">Rigid</StiffnessBehavior><ThermalStrainCalculation PropType="bool">true</ThermalStrainCalculation><Centroid ObjId="119" Type="DSGePoint3d" Ver="3"><Coordinates PropType="vector&lt;double>" UCat="Length" Unt="m">-0.02893242605604033,-0.05282322206264585,-0.009999999776481581</Coordinates></Centroid><MassMomentOfInertia ObjId="118" Type="MassMomentOfInertia" Ver="2"><Ixx PropType="double" UCat="MomentInertiaMass" Unt="kg m^2">0.004990524387410294</Ixx><Iyy PropType="double" UCat="MomentInertiaMass" Unt="kg m^2">0.003404479521803672</Iyy><Izz PropType="double" UCat="MomentInertiaMass" Unt="kg m^2">0.00820641488924238</Izz><CoordinateSystemRep ObjId="120" Type="CoordinateSystemRep" Ver="3"><Caption PropType="string">Undefined</Caption><CoordSystemIndex PropType="unsigned int">0</CoordSystemIndex><IsGlobal PropType="bool">false</IsGlobal><Param1 PropType="double">    1</Param1><Param2 PropType="double">    1</Param2><Singularity1 PropType="int">0</Singularity1><Singularity2 PropType="int">0</Singularity2><SolverCoordNumber PropType="unsigned int">0</SolverCoordNumber><Type PropType="string">Cartesian</Type><DSGePoint3d ObjId="122" Type="DSGePoint3d" Ver="3"><Coordinates PropType="vector&lt;double>" UCat="Length" Unt="m">-0.02893242605604033,-0.05282322206264585,-0.009999999776481581</Coordinates></DSGePoint3d><Matrix3X3 ObjId="121" Type="Matrix3X3" Ver="2"><IsOrthogonal PropType="bool">false</IsOrthogonal><Row0 PropType="vector&lt;double>">0.9996404402726182,-0.02681399208558998,8.113879158657158e-17</Row0><Row1 PropType="vector&lt;double>">0.02681399208558998,0.9996404402726182,-3.753943349528931e-17</Row1><Row2 PropType="vector&lt;double>">-8.010303527214841e-17,3.970159074225235e-17,    1</Row2></Matrix3X3></CoordinateSystemRep></MassMomentOfInertia><MaterialRep ObjId="117" Type="MaterialRep" Ver="2"><MaterialName PropType="string">Bronze, C51000</MaterialName><ReferenceTemperature PropType="double" UCat="Temperature" Unt="Celsius">   22</ReferenceTemperature><RelaxationTemperature PropType="double" UCat="Temperature" Unt="Celsius">    0</RelaxationTemperature><UnitSystem PropType="int">0</UnitSystem><UseReferenceTemperature PropType="bool">false</UseReferenceTemperature><UseRelaxationTemperature PropType="bool">false</UseRelaxationTemperature></MaterialRep></BodyAttributes><Centroid ObjId="123" Type="DSGePoint3d" Ver="3"><Coordinates PropType="vector&lt;double>" UCat="Length" Unt="m">-0.02893242605604033,-0.05282322206264585,-0.009999999776481581</Coordinates></Centroid><MassMomentOfInertia ObjId="124" Type="MassMomentOfInertia" Ver="2"><Ixx PropType="double" UCat="MomentInertiaMass" Unt="kg m^2">0.004990524387410294</Ixx><Iyy PropType="double" UCat="MomentInertiaMass" Unt="kg m^2">0.003404479521803672</Iyy><Izz PropType="double" UCat="MomentInertiaMass" Unt="kg m^2">0.00820641488924238</Izz><CoordinateSystemRep ObjId="125" Type="CoordinateSystemRep" Ver="3"><Caption PropType="string">Undefined</Caption><CoordSystemIndex PropType="unsigned int">0</CoordSystemIndex><IsGlobal PropType="bool">false</IsGlobal><Param1 PropType="double">    1</Param1><Param2 PropType="double">    1</Param2><Singularity1 PropType="int">0</Singularity1><Singularity2 PropType="int">0</Singularity2><SolverCoordNumber PropType="unsigned int">0</SolverCoordNumber><Type PropType="string">Cartesian</Type><DSGePoint3d ObjId="127" Type="DSGePoint3d" Ver="3"><Coordinates PropType="vector&lt;double>" UCat="Length" Unt="m">-0.02893242605604033,-0.05282322206264585,-0.009999999776481581</Coordinates></DSGePoint3d><Matrix3X3 ObjId="126" Type="Matrix3X3" Ver="2"><IsOrthogonal PropType="bool">false</IsOrthogonal><Row0 PropType="vector&lt;double>">0.9996404402726182,-0.02681399208558998,8.113879158657158e-17</Row0><Row1 PropType="vector&lt;double>">0.02681399208558998,0.9996404402726182,-3.753943349528932e-17</Row1><Row2 PropType="vector&lt;double>">-8.010303527214841e-17,3.970159074225235e-17,    1</Row2></Matrix3X3></CoordinateSystemRep></MassMomentOfInertia></PartAttributes><PartAttributes ObjId="23" Type="PartAttributes" Ver="2"><Caption PropType="string">C3 Bodies</Caption><Mass PropType="double" UCat="Mass" Unt="kg">0.3401506464248054</Mass><PartId PropType="unsigned int">5</PartId><BodyAttributes ObjId="24" Type="BodyAttributes" Ver="2"><AreNonLinearEffectsOn PropType="bool">true</AreNonLinearEffectsOn><BoundingBoxDiagonal PropType="double" UCat="Length" Unt="m">0.2641704723732733</BoundingBoxDiagonal><Caption PropType="string">C3</Caption><GeometryType PropType="string">Solid</GeometryType><Mass PropType="double" UCat="Mass" Unt="kg">0.3401506464248054</Mass><ProtoReferenceId PropType="unsigned int">85</ProtoReferenceId><StiffnessBehavior PropType="string">Rigid</StiffnessBehavior><ThermalStrainCalculation PropType="bool">true</ThermalStrainCalculation><Centroid ObjId="130" Type="DSGePoint3d" Ver="3"><Coordinates PropType="vector&lt;double>" UCat="Length" Unt="m">-0.007058867360192113,-0.03744419793228832,0.00499999988824079</Coordinates></Centroid><MassMomentOfInertia ObjId="129" Type="MassMomentOfInertia" Ver="2"><Ixx PropType="double" UCat="MomentInertiaMass" Unt="kg m^2">3.539868895532425e-05</Ixx><Iyy PropType="double" UCat="MomentInertiaMass" Unt="kg m^2">0.001521389842092185</Iyy><Izz PropType="double" UCat="MomentInertiaMass" Unt="kg m^2">0.001551118848122429</Izz><CoordinateSystemRep ObjId="131" Type="CoordinateSystemRep" Ver="3"><Caption PropType="string">Undefined</Caption><CoordSystemIndex PropType="unsigned int">0</CoordSystemIndex><IsGlobal PropType="bool">false</IsGlobal><Param1 PropType="double">    1</Param1><Param2 PropType="double">    1</Param2><Singularity1 PropType="int">0</Singularity1><Singularity2 PropType="int">0</Singularity2><SolverCoordNumber PropType="unsigned int">0</SolverCoordNumber><Type PropType="string">Cartesian</Type><DSGePoint3d ObjId="133" Type="DSGePoint3d" Ver="3"><Coordinates PropType="vector&lt;double>" UCat="Length" Unt="m">-0.007058867360192113,-0.03744419793228832,0.00499999988824079</Coordinates></DSGePoint3d><Matrix3X3 ObjId="132" Type="Matrix3X3" Ver="2"><IsOrthogonal PropType="bool">false</IsOrthogonal><Row0 PropType="vector&lt;double>">0.9850737497774604,-0.1721328193557905,-3.71677032490726e-11</Row0><Row1 PropType="vector&lt;double>">0.1721328193557905,0.9850737497774604,6.259844885012203e-10</Row1><Row2 PropType="vector&lt;double>">-7.113954606852763e-11,-6.230386689396648e-10,    1</Row2></Matrix3X3></CoordinateSystemRep></MassMomentOfInertia><MaterialRep ObjId="128" Type="MaterialRep" Ver="2"><MaterialName PropType="string">Bronze, C51000</MaterialName><ReferenceTemperature PropType="double" UCat="Temperature" Unt="Celsius">   22</ReferenceTemperature><RelaxationTemperature PropType="double" UCat="Temperature" Unt="Celsius">    0</RelaxationTemperature><UnitSystem PropType="int">0</UnitSystem><UseReferenceTemperature PropType="bool">false</UseReferenceTemperature><UseRelaxationTemperature PropType="bool">false</UseRelaxationTemperature></MaterialRep></BodyAttributes><Centroid ObjId="134" Type="DSGePoint3d" Ver="3"><Coordinates PropType="vector&lt;double>" UCat="Length" Unt="m">-0.007058867360192113,-0.03744419793228832,0.00499999988824079</Coordinates></Centroid><MassMomentOfInertia ObjId="135" Type="MassMomentOfInertia" Ver="2"><Ixx PropType="double" UCat="MomentInertiaMass" Unt="kg m^2">3.539868895532425e-05</Ixx><Iyy PropType="double" UCat="MomentInertiaMass" Unt="kg m^2">0.001521389842092185</Iyy><Izz PropType="double" UCat="MomentInertiaMass" Unt="kg m^2">0.001551118848122429</Izz><CoordinateSystemRep ObjId="136" Type="CoordinateSystemRep" Ver="3"><Caption PropType="string">Undefined</Caption><CoordSystemIndex PropType="unsigned int">0</CoordSystemIndex><IsGlobal PropType="bool">false</IsGlobal><Param1 PropType="double">    1</Param1><Param2 PropType="double">    1</Param2><Singularity1 PropType="int">0</Singularity1><Singularity2 PropType="int">0</Singularity2><SolverCoordNumber PropType="unsigned int">0</SolverCoordNumber><Type PropType="string">Cartesian</Type><DSGePoint3d ObjId="138" Type="DSGePoint3d" Ver="3"><Coordinates PropType="vector&lt;double>" UCat="Length" Unt="m">-0.007058867360192113,-0.03744419793228832,0.00499999988824079</Coordinates></DSGePoint3d><Matrix3X3 ObjId="137" Type="Matrix3X3" Ver="2"><IsOrthogonal PropType="bool">false</IsOrthogonal><Row0 PropType="vector&lt;double>">0.9996953262484707,-0.0246830848348379,-3.716770324907261e-11</Row0><Row1 PropType="vector&lt;double>">0.0246830848348379,0.9996953262484707,6.259844885012203e-10</Row1><Row2 PropType="vector&lt;double>">2.170515099051975e-11,-6.267111810311224e-10,    1</Row2></Matrix3X3></CoordinateSystemRep></MassMomentOfInertia></PartAttributes><PartAttributes ObjId="26" Type="PartAttributes" Ver="2"><Caption PropType="string">C2 Bodies</Caption><Mass PropType="double" UCat="Mass" Unt="kg">0.1853472742570703</Mass><PartId PropType="unsigned int">7</PartId><BodyAttributes ObjId="27" Type="BodyAttributes" Ver="2"><AreNonLinearEffectsOn PropType="bool">true</AreNonLinearEffectsOn><BoundingBoxDiagonal PropType="double" UCat="Length" Unt="m">0.163533350508062</BoundingBoxDiagonal><Caption PropType="string">C2</Caption><GeometryType PropType="string">Solid</GeometryType><Mass PropType="double" UCat="Mass" Unt="kg">0.1853472742570703</Mass><ProtoReferenceId PropType="unsigned int">154</ProtoReferenceId><StiffnessBehavior PropType="string">Rigid</StiffnessBehavior><ThermalStrainCalculation PropType="bool">true</ThermalStrainCalculation><Centroid ObjId="141" Type="DSGePoint3d" Ver="3"><Coordinates PropType="vector&lt;double>" UCat="Length" Unt="m">0.08584694781869291,-0.04811825426535576,0.01499999966472238</Coordinates></Centroid><MassMomentOfInertia ObjId="140" Type="MassMomentOfInertia" Ver="2"><Ixx PropType="double" UCat="MomentInertiaMass" Unt="kg m^2">1.014746157342723e-05</Ixx><Iyy PropType="double" UCat="MomentInertiaMass" Unt="kg m^2">0.0002775084563619006</Iyy><Izz PropType="double" UCat="MomentInertiaMass" Unt="kg m^2">0.0002845690565311548</Izz><CoordinateSystemRep ObjId="142" Type="CoordinateSystemRep" Ver="3"><Caption PropType="string">Undefined</Caption><CoordSystemIndex PropType="unsigned int">0</CoordSystemIndex><IsGlobal PropType="bool">false</IsGlobal><Param1 PropType="double">    1</Param1><Param2 PropType="double">    1</Param2><Singularity1 PropType="int">0</Singularity1><Singularity2 PropType="int">0</Singularity2><SolverCoordNumber PropType="unsigned int">0</SolverCoordNumber><Type PropType="string">Cartesian</Type><DSGePoint3d ObjId="144" Type="DSGePoint3d" Ver="3"><Coordinates PropType="vector&lt;double>" UCat="Length" Unt="m">0.08584694781869291,-0.04811825426535576,0.01499999966472238</Coordinates></DSGePoint3d><Matrix3X3 ObjId="143" Type="Matrix3X3" Ver="2"><IsOrthogonal PropType="bool">false</IsOrthogonal><Row0 PropType="vector&lt;double>">0.7876858837951,-0.6160770637427856,2.249203387792222e-11</Row0><Row1 PropType="vector&lt;double>">0.6160770637427856,0.7876858837951,-1.48291608244018e-09</Row1><Row2 PropType="vector&lt;double>">8.958739282632202e-10,1.181928891179974e-09,    1</Row2></Matrix3X3></CoordinateSystemRep></MassMomentOfInertia><MaterialRep ObjId="139" Type="MaterialRep" Ver="2"><MaterialName PropType="string">Bronze, C51000</MaterialName><ReferenceTemperature PropType="double" UCat="Temperature" Unt="Celsius">   22</ReferenceTemperature><RelaxationTemperature PropType="double" UCat="Temperature" Unt="Celsius">    0</RelaxationTemperature><UnitSystem PropType="int">0</UnitSystem><UseReferenceTemperature PropType="bool">false</UseReferenceTemperature><UseRelaxationTemperature PropType="bool">false</UseRelaxationTemperature></MaterialRep></BodyAttributes><Centroid ObjId="145" Type="DSGePoint3d" Ver="3"><Coordinates PropType="vector&lt;double>" UCat="Length" Unt="m">0.08584694781869291,-0.04811825426535576,0.01499999966472238</Coordinates></Centroid><MassMomentOfInertia ObjId="146" Type="MassMomentOfInertia" Ver="2"><Ixx PropType="double" UCat="MomentInertiaMass" Unt="kg m^2">1.014746157342723e-05</Ixx><Iyy PropType="double" UCat="MomentInertiaMass" Unt="kg m^2">0.0002775084563619006</Iyy><Izz PropType="double" UCat="MomentInertiaMass" Unt="kg m^2">0.0002845690565311548</Izz><CoordinateSystemRep ObjId="147" Type="CoordinateSystemRep" Ver="3"><Caption PropType="string">Undefined</Caption><CoordSystemIndex PropType="unsigned int">0</CoordSystemIndex><IsGlobal PropType="bool">false</IsGlobal><Param1 PropType="double">    1</Param1><Param2 PropType="double">    1</Param2><Singularity1 PropType="int">0</Singularity1><Singularity2 PropType="int">0</Singularity2><SolverCoordNumber PropType="unsigned int">0</SolverCoordNumber><Type PropType="string">Cartesian</Type><DSGePoint3d ObjId="149" Type="DSGePoint3d" Ver="3"><Coordinates PropType="vector&lt;double>" UCat="Length" Unt="m">0.08584694781869291,-0.04811825426535576,0.01499999966472238</Coordinates></DSGePoint3d><Matrix3X3 ObjId="148" Type="Matrix3X3" Ver="2"><IsOrthogonal PropType="bool">false</IsOrthogonal><Row0 PropType="vector&lt;double>">0.7071067904480925,-0.7071067719250023,2.249203387792223e-11</Row0><Row1 PropType="vector&lt;double>">0.7071067719250023,0.7071067904480925,-1.48291608244018e-09</Row1><Row2 PropType="vector&lt;double>">1.032675734203879e-09,1.06448430102758e-09,    1</Row2></Matrix3X3></CoordinateSystemRep></MassMomentOfInertia></PartAttributes><PartAttributes ObjId="29" Type="PartAttributes" Ver="2"><Caption PropType="string">C1 Bodies</Caption><Mass PropType="double" UCat="Mass" Unt="kg">0.1223751405143591</Mass><PartId PropType="unsigned int">9</PartId><BodyAttributes ObjId="30" Type="BodyAttributes" Ver="2"><AreNonLinearEffectsOn PropType="bool">true</AreNonLinearEffectsOn><BoundingBoxDiagonal PropType="double" UCat="Length" Unt="m">0.133385004232927</BoundingBoxDiagonal><Caption PropType="string">C1</Caption><GeometryType PropType="string">Solid</GeometryType><Mass PropType="double" UCat="Mass" Unt="kg">0.1223751405143591</Mass><ProtoReferenceId PropType="unsigned int">205</ProtoReferenceId><StiffnessBehavior PropType="string">Rigid</StiffnessBehavior><ThermalStrainCalculation PropType="bool">true</ThermalStrainCalculation><Centroid ObjId="152" Type="DSGePoint3d" Ver="3"><Coordinates PropType="vector&lt;double>" UCat="Length" Unt="m">-0.0006433438910015927,-0.007582022080425115,0.004999999888240791</Coordinates></Centroid><MassMomentOfInertia ObjId="151" Type="MassMomentOfInertia" Ver="2"><Ixx PropType="double" UCat="MomentInertiaMass" Unt="kg m^2">6.999937717901942e-06</Ixx><Iyy PropType="double" UCat="MomentInertiaMass" Unt="kg m^2">0.0001610659553873048</Iyy><Izz PropType="double" UCat="MomentInertiaMass" Unt="kg m^2">0.0001660303983929102</Izz><CoordinateSystemRep ObjId="153" Type="CoordinateSystemRep" Ver="3"><Caption PropType="string">Undefined</Caption><CoordSystemIndex PropType="unsigned int">0</CoordSystemIndex><IsGlobal PropType="bool">false</IsGlobal><Param1 PropType="double">    1</Param1><Param2 PropType="double">    1</Param2><Singularity1 PropType="int">0</Singularity1><Singularity2 PropType="int">0</Singularity2><SolverCoordNumber PropType="unsigned int">0</SolverCoordNumber><Type PropType="string">Cartesian</Type><DSGePoint3d ObjId="155" Type="DSGePoint3d" Ver="3"><Coordinates PropType="vector&lt;double>" UCat="Length" Unt="m">-0.0006433438910015927,-0.007582022080425115,0.004999999888240791</Coordinates></DSGePoint3d><Matrix3X3 ObjId="154" Type="Matrix3X3" Ver="2"><IsOrthogonal PropType="bool">false</IsOrthogonal><Row0 PropType="vector&lt;double>">0.9857034690888535,-0.1684893795650026,   -0</Row0><Row1 PropType="vector&lt;double>">0.1684893795650026,0.9857034690888535,    0</Row1><Row2 PropType="vector&lt;double>">    0,   -0,    1</Row2></Matrix3X3></CoordinateSystemRep></MassMomentOfInertia><MaterialRep ObjId="150" Type="MaterialRep" Ver="2"><MaterialName PropType="string">Bronze, C51000</MaterialName><ReferenceTemperature PropType="double" UCat="Temperature" Unt="Celsius">   22</ReferenceTemperature><RelaxationTemperature PropType="double" UCat="Temperature" Unt="Celsius">    0</RelaxationTemperature><UnitSystem PropType="int">0</UnitSystem><UseReferenceTemperature PropType="bool">false</UseReferenceTemperature><UseRelaxationTemperature PropType="bool">false</UseRelaxationTemperature></MaterialRep></BodyAttributes><Centroid ObjId="156" Type="DSGePoint3d" Ver="3"><Coordinates PropType="vector&lt;double>" UCat="Length" Unt="m">-0.0006433438910015927,-0.007582022080425115,0.004999999888240791</Coordinates></Centroid><MassMomentOfInertia ObjId="157" Type="MassMomentOfInertia" Ver="2"><Ixx PropType="double" UCat="MomentInertiaMass" Unt="kg m^2">6.999937717901942e-06</Ixx><Iyy PropType="double" UCat="MomentInertiaMass" Unt="kg m^2">0.0001610659553873048</Iyy><Izz PropType="double" UCat="MomentInertiaMass" Unt="kg m^2">0.0001660303983929102</Izz><CoordinateSystemRep ObjId="158" Type="CoordinateSystemRep" Ver="3"><Caption PropType="string">Undefined</Caption><CoordSystemIndex PropType="unsigned int">0</CoordSystemIndex><IsGlobal PropType="bool">false</IsGlobal><Param1 PropType="double">    1</Param1><Param2 PropType="double">    1</Param2><Singularity1 PropType="int">0</Singularity1><Singularity2 PropType="int">0</Singularity2><SolverCoordNumber PropType="unsigned int">0</SolverCoordNumber><Type PropType="string">Cartesian</Type><DSGePoint3d ObjId="160" Type="DSGePoint3d" Ver="3"><Coordinates PropType="vector&lt;double>" UCat="Length" Unt="m">-0.0006433438910015927,-0.007582022080425115,0.004999999888240791</Coordinates></DSGePoint3d><Matrix3X3 ObjId="159" Type="Matrix3X3" Ver="2"><IsOrthogonal PropType="bool">false</IsOrthogonal><Row0 PropType="vector&lt;double>">    1,    0,    0</Row0><Row1 PropType="vector&lt;double>">    0,    1,    0</Row1><Row2 PropType="vector&lt;double>">    0,    0,    1</Row2></Matrix3X3></CoordinateSystemRep></MassMomentOfInertia></PartAttributes></AssemblyAttributes></GeometryAttributes><ServiceRep ObjId="113" Type="ServiceRep" Ver="2"><CoordinateSystemRep ObjId="34" Type="CoordinateSystemRep" Ver="3"><Caption PropType="string">Global Coordinate System</Caption><CoordSystemIndex PropType="unsigned int">0</CoordSystemIndex><IsGlobal PropType="bool">true</IsGlobal><Param1 PropType="double">    1</Param1><Param2 PropType="double">    1</Param2><Singularity1 PropType="int">0</Singularity1><Singularity2 PropType="int">0</Singularity2><SolverCoordNumber PropType="int">0</SolverCoordNumber><Type PropType="string">Cartesian</Type><DSGePoint3d ObjId="162" Type="DSGePoint3d" Ver="3"><Coordinates PropType="vector&lt;double>" UCat="Length" Unt="m">    0,    0,    0</Coordinates></DSGePoint3d><Matrix3X3 ObjId="161" Type="Matrix3X3" Ver="2"><IsOrthogonal PropType="bool">false</IsOrthogonal><Row0 PropType="vector&lt;double>">    1,    0,    0</Row0><Row1 PropType="vector&lt;double>">    0,    1,    0</Row1><Row2 PropType="vector&lt;double>">    0,    0,    1</Row2></Matrix3X3></CoordinateSystemRep><CoordinateSystemRep ObjId="63" Type="CoordinateSystemRep" Ver="3"><Caption PropType="string">Reference Coordinate System</Caption><CoordSystemIndex PropType="unsigned int">0</CoordSystemIndex><IsGlobal PropType="bool">false</IsGlobal><Param1 PropType="double">    1</Param1><Param2 PropType="double">    1</Param2><Singularity1 PropType="int">0</Singularity1><Singularity2 PropType="int">0</Singularity2><SolverCoordNumber PropType="int">12</SolverCoordNumber><Type PropType="string">Cartesian</Type><DSGePoint3d ObjId="164" Type="DSGePoint3d" Ver="3"><Coordinates PropType="vector&lt;double>" UCat="Length" Unt="m">-0.02893242605713557,-0.05282322205872319,    0</Coordinates></DSGePoint3d><Matrix3X3 ObjId="163" Type="Matrix3X3" Ver="2"><IsOrthogonal PropType="bool">false</IsOrthogonal><Row0 PropType="vector&lt;double>">    1,    0,    0</Row0><Row1 PropType="vector&lt;double>">    0,    1,    0</Row1><Row2 PropType="vector&lt;double>">    0,    0,    1</Row2></Matrix3X3></CoordinateSystemRep><CoordinateSystemRep ObjId="70" Type="CoordinateSystemRep" Ver="3"><Caption PropType="string">Reference Coordinate System</Caption><CoordSystemIndex PropType="unsigned int">0</CoordSystemIndex><IsGlobal PropType="bool">false</IsGlobal><Param1 PropType="double">    1</Param1><Param2 PropType="double">    1</Param2><Singularity1 PropType="int">0</Singularity1><Singularity2 PropType="int">0</Singularity2><SolverCoordNumber PropType="int">13</SolverCoordNumber><Type PropType="string">Cartesian</Type><DSGePoint3d ObjId="166" Type="DSGePoint3d" Ver="3"><Coordinates PropType="vector&lt;double>" UCat="Length" Unt="m">-0.045,    0,-0.00999999977648258</Coordinates></DSGePoint3d><Matrix3X3 ObjId="165" Type="Matrix3X3" Ver="2"><IsOrthogonal PropType="bool">false</IsOrthogonal><Row0 PropType="vector&lt;double>">    1,    0,    0</Row0><Row1 PropType="vector&lt;double>">    0,    1,    0</Row1><Row2 PropType="vector&lt;double>">    0,    0,    1</Row2></Matrix3X3></CoordinateSystemRep><CoordinateSystemRep ObjId="78" Type="CoordinateSystemRep" Ver="3"><Caption PropType="string">Reference Coordinate System</Caption><CoordSystemIndex PropType="unsigned int">0</CoordSystemIndex><IsGlobal PropType="bool">false</IsGlobal><Param1 PropType="double">    1</Param1><Param2 PropType="double">    1</Param2><Singularity1 PropType="int">0</Singularity1><Singularity2 PropType="int">0</Singularity2><SolverCoordNumber PropType="int">14</SolverCoordNumber><Type PropType="string">Cartesian</Type><DSGePoint3d ObjId="168" Type="DSGePoint3d" Ver="3"><Coordinates PropType="vector&lt;double>" UCat="Length" Unt="m">0.04371331221799682,-0.01516404416085023,0.00499999988824129</Coordinates></DSGePoint3d><Matrix3X3 ObjId="167" Type="Matrix3X3" Ver="2"><IsOrthogonal PropType="bool">false</IsOrthogonal><Row0 PropType="vector&lt;double>">    1,    0,    0</Row0><Row1 PropType="vector&lt;double>">    0,   -1,    0</Row1><Row2 PropType="vector&lt;double>">    0,    0,   -1</Row2></Matrix3X3></CoordinateSystemRep><CoordinateSystemRep ObjId="86" Type="CoordinateSystemRep" Ver="3"><Caption PropType="string">Reference Coordinate System</Caption><CoordSystemIndex PropType="unsigned int">0</CoordSystemIndex><IsGlobal PropType="bool">false</IsGlobal><Param1 PropType="double">    1</Param1><Param2 PropType="double">    1</Param2><Singularity1 PropType="int">0</Singularity1><Singularity2 PropType="int">0</Singularity2><SolverCoordNumber PropType="int">15</SolverCoordNumber><Type PropType="string">Cartesian</Type><DSGePoint3d ObjId="170" Type="DSGePoint3d" Ver="3"><Coordinates PropType="vector&lt;double>" UCat="Length" Unt="m">0.07713199376981267,-0.04130198085231002,0.01499999966472387</Coordinates></DSGePoint3d><Matrix3X3 ObjId="169" Type="Matrix3X3" Ver="2"><IsOrthogonal PropType="bool">false</IsOrthogonal><Row0 PropType="vector&lt;double>">    1,    0,    0</Row0><Row1 PropType="vector&lt;double>">    0,   -1,    0</Row1><Row2 PropType="vector&lt;double>">    0,    0,   -1</Row2></Matrix3X3></CoordinateSystemRep><CoordinateSystemRep ObjId="94" Type="CoordinateSystemRep" Ver="3"><Caption PropType="string">Reference Coordinate System</Caption><CoordSystemIndex PropType="unsigned int">0</CoordSystemIndex><IsGlobal PropType="bool">false</IsGlobal><Param1 PropType="double">    1</Param1><Param2 PropType="double">    1</Param2><Singularity1 PropType="int">0</Singularity1><Singularity2 PropType="int">0</Singularity2><SolverCoordNumber PropType="int">16</SolverCoordNumber><Type PropType="string">Cartesian</Type><DSGePoint3d ObjId="172" Type="DSGePoint3d" Ver="3"><Coordinates PropType="vector&lt;double>" UCat="Length" Unt="m">1.11022302462516e-18,-0.0500000000000001,-0.009999999776482587</Coordinates></DSGePoint3d><Matrix3X3 ObjId="171" Type="Matrix3X3" Ver="2"><IsOrthogonal PropType="bool">false</IsOrthogonal><Row0 PropType="vector&lt;double>">    1,    0,    0</Row0><Row1 PropType="vector&lt;double>">    0,    1,    0</Row1><Row2 PropType="vector&lt;double>">    0,    0,    1</Row2></Matrix3X3></CoordinateSystemRep><ReferenceDataRep ObjId="173" Type="ReferenceDataRep" Ver="2"><BodyId PropType="vector&lt;unsigned int>">28,85,154,205,28,28,28,28,205,205,154,154,28,28,28,28,205,205,154,154,85,28,85,28</BodyId><PartId PropType="vector&lt;unsigned int>">3,5,7,9,3,3,3,3,9,9,7,7,3,3,3,3,9,9,7,7,5,3,5,3</PartId><RefId PropType="vector&lt;unsigned int>">1,2,3,4,5,6,7,8,9,10,11,12,13,14,15,16,17,18,19,20,21,22,23,24</RefId><RefItem PropType="vector&lt;unsigned int>">0,0,0,0,0,0,0,0,0,0,0,0,0,0,0,0,0,0,0,0,0,0,0,0</RefItem><RefType PropType="vector&lt;unsigned int>">1048576,1048576,1048576,1048576,96,96,160,160,160,160,160,160,160,160,96,160,160,160,160,160,160,160,160,1048576</RefType><RefValue PropType="vector&lt;unsigned int>">28,85,154,205,34,34,32,32,207,207,157,157,33,33,34,32,206,207,158,157,87,33,86,28</RefValue><Scoping PropType="vector&lt;string>">22,25,28,31,64,65,71,72,79,80,87,88,95,96,66,73,74,81,82,89,90,97,98,101</Scoping><Type PropType="vector&lt;unsigned int>">1,1,1,1,1,1,1,1,1,1,1,1,1,1,1,1,1,1,1,1,1,1,1,1</Type><UBID PropType="vector&lt;unsigned int>">21,24,27,30,21,21,21,21,30,30,27,27,21,21,21,21,30,30,27,27,24,21,24,21</UBID><UPID PropType="vector&lt;unsigned int>">20,23,26,29,20,20,20,20,29,29,26,26,20,20,20,20,29,29,26,26,23,20,23,20</UPID></ReferenceDataRep><RemotePointRep ObjId="61" Type="RemotePointRep" Ver="3"><BeamMaterialName PropType="string">Structural Steel</BeamMaterialName><Caption PropType="string">Internal Remote Point</Caption><CondensedPartId PropType="int">0</CondensedPartId><DOFMask PropType="unsigned int">119</DOFMask><DOFMaskType PropType="string">ProgramControlled</DOFMaskType><FreeStanding PropType="bool">false</FreeStanding><HasScoping PropType="bool">false</HasScoping><LoadBehavior PropType="string">Rigid</LoadBehavior><Location PropType="vector&lt;double>" UCat="Length" Unt="m">    0,    0,    0</Location><LocationX PropType="double" UCat="Length" Unt="m">    1</LocationX><LocationY PropType="double" UCat="Length" Unt="m">    1</LocationY><LocationZ PropType="double" UCat="Length" Unt="m">    1</LocationZ><NodeReferenceId PropType="unsigned int">226</NodeReferenceId><ParentId PropType="unsigned int">60</ParentId><ParentName PropType="string">Fixed - Ground To Base</ParentName><PartIds PropType="vector&lt;unsigned int>"/><PinballSize PropType="double" UCat="Length" Unt="m">    0</PinballSize><Radius PropType="double" UCat="Length" Unt="m">    0</Radius><RefCoordSysId PropType="unsigned int">63</RefCoordSysId><RemotePointPhysicsType PropType="int">0</RemotePointPhysicsType><Scoping PropType="vector&lt;string>">-1</Scoping><StageId PropType="int">0</StageId><UsedForDirectScoping PropType="bool">false</UsedForDirectScoping></RemotePointRep><RemotePointRep ObjId="62" Type="RemotePointRep" Ver="3"><BeamMaterialName PropType="string">Structural Steel</BeamMaterialName><Caption PropType="string">Internal Remote Point 2</Caption><CondensedPartId PropType="int">0</CondensedPartId><DOFMask PropType="unsigned int">119</DOFMask><DOFMaskType PropType="string">ProgramControlled</DOFMaskType><FreeStanding PropType="bool">false</FreeStanding><HasScoping PropType="bool">true</HasScoping><LoadBehavior PropType="string">Rigid</LoadBehavior><Location PropType="vector&lt;double>" UCat="Length" Unt="m">    0,    0,    0</Location><LocationX PropType="double" UCat="Length" Unt="m">    1</LocationX><LocationY PropType="double" UCat="Length" Unt="m">    1</LocationY><LocationZ PropType="double" UCat="Length" Unt="m">    1</LocationZ><NodeReferenceId PropType="unsigned int">229</NodeReferenceId><ParentId PropType="unsigned int">60</ParentId><ParentName PropType="string">Fixed - Ground To Base</ParentName><PartIds PropType="vector&lt;unsigned int>">20</PartIds><PinballSize PropType="double" UCat="Length" Unt="m">    0</PinballSize><Radius PropType="double" UCat="Length" Unt="m">    0</Radius><RefCoordSysId PropType="unsigned int">63</RefCoordSysId><RemotePointPhysicsType PropType="int">0</RemotePointPhysicsType><Scoping PropType="vector&lt;string>">66</Scoping><StageId PropType="int">0</StageId><UsedForDirectScoping PropType="bool">false</UsedForDirectScoping></RemotePointRep><RemotePointRep ObjId="68" Type="RemotePointRep" Ver="3"><BeamMaterialName PropType="string">Structural Steel</BeamMaterialName><Caption PropType="string">Internal Remote Point 3</Caption><CondensedPartId PropType="int">0</CondensedPartId><DOFMask PropType="unsigned int">119</DOFMask><DOFMaskType PropType="string">ProgramControlled</DOFMaskType><FreeStanding PropType="bool">false</FreeStanding><HasScoping PropType="bool">true</HasScoping><LoadBehavior PropType="string">Rigid</LoadBehavior><Location PropType="vector&lt;double>" UCat="Length" Unt="m">    0,    0,    0</Location><LocationX PropType="double" UCat="Length" Unt="m">    1</LocationX><LocationY PropType="double" UCat="Length" Unt="m">    1</LocationY><LocationZ PropType="double" UCat="Length" Unt="m">    1</LocationZ><NodeReferenceId PropType="unsigned int">231</NodeReferenceId><ParentId PropType="unsigned int">67</ParentId><ParentName PropType="string">Revolute - Base To C1</ParentName><PartIds PropType="vector&lt;unsigned int>">20</PartIds><PinballSize PropType="double" UCat="Length" Unt="m">    0</PinballSize><Radius PropType="double" UCat="Length" Unt="m">    0</Radius><RefCoordSysId PropType="unsigned int">70</RefCoordSysId><RemotePointPhysicsType PropType="int">0</RemotePointPhysicsType><Scoping PropType="vector&lt;string>">73</Scoping><StageId PropType="int">0</StageId><UsedForDirectScoping PropType="bool">false</UsedForDirectScoping></RemotePointRep><RemotePointRep ObjId="69" Type="RemotePointRep" Ver="3"><BeamMaterialName PropType="string">Structural Steel</BeamMaterialName><Caption PropType="string">Internal Remote Point 4</Caption><CondensedPartId PropType="int">0</CondensedPartId><DOFMask PropType="unsigned int">119</DOFMask><DOFMaskType PropType="string">ProgramControlled</DOFMaskType><FreeStanding PropType="bool">false</FreeStanding><HasScoping PropType="bool">true</HasScoping><LoadBehavior PropType="string">Rigid</LoadBehavior><Location PropType="vector&lt;double>" UCat="Length" Unt="m">    0,    0,    0</Location><LocationX PropType="double" UCat="Length" Unt="m">    1</LocationX><LocationY PropType="double" UCat="Length" Unt="m">    1</LocationY><LocationZ PropType="double" UCat="Length" Unt="m">    1</LocationZ><NodeReferenceId PropType="unsigned int">234</NodeReferenceId><ParentId PropType="unsigned int">67</ParentId><ParentName PropType="string">Revolute - Base To C1</ParentName><PartIds PropType="vector&lt;unsigned int>">29</PartIds><PinballSize PropType="double" UCat="Length" Unt="m">    0</PinballSize><Radius PropType="double" UCat="Length" Unt="m">    0</Radius><RefCoordSysId PropType="unsigned int">70</RefCoordSysId><RemotePointPhysicsType PropType="int">0</RemotePointPhysicsType><Scoping PropType="vector&lt;string>">74</Scoping><StageId PropType="int">0</StageId><UsedForDirectScoping PropType="bool">false</UsedForDirectScoping></RemotePointRep><RemotePointRep ObjId="76" Type="RemotePointRep" Ver="3"><BeamMaterialName PropType="string">Structural Steel</BeamMaterialName><Caption PropType="string">Internal Remote Point 5</Caption><CondensedPartId PropType="int">0</CondensedPartId><DOFMask PropType="unsigned int">119</DOFMask><DOFMaskType PropType="string">ProgramControlled</DOFMaskType><FreeStanding PropType="bool">false</FreeStanding><HasScoping PropType="bool">true</HasScoping><LoadBehavior PropType="string">Rigid</LoadBehavior><Location PropType="vector&lt;double>" UCat="Length" Unt="m">    0,    0,    0</Location><LocationX PropType="double" UCat="Length" Unt="m">    1</LocationX><LocationY PropType="double" UCat="Length" Unt="m">    1</LocationY><LocationZ PropType="double" UCat="Length" Unt="m">    1</LocationZ><NodeReferenceId PropType="unsigned int">236</NodeReferenceId><ParentId PropType="unsigned int">75</ParentId><ParentName PropType="string">Revolute - C1 To C2</ParentName><PartIds PropType="vector&lt;unsigned int>">29</PartIds><PinballSize PropType="double" UCat="Length" Unt="m">    0</PinballSize><Radius PropType="double" UCat="Length" Unt="m">    0</Radius><RefCoordSysId PropType="unsigned int">78</RefCoordSysId><RemotePointPhysicsType PropType="int">0</RemotePointPhysicsType><Scoping PropType="vector&lt;string>">81</Scoping><StageId PropType="int">0</StageId><UsedForDirectScoping PropType="bool">false</UsedForDirectScoping></RemotePointRep><RemotePointRep ObjId="77" Type="RemotePointRep" Ver="3"><BeamMaterialName PropType="string">Structural Steel</BeamMaterialName><Caption PropType="string">Internal Remote Point 6</Caption><CondensedPartId PropType="int">0</CondensedPartId><DOFMask PropType="unsigned int">119</DOFMask><DOFMaskType PropType="string">ProgramControlled</DOFMaskType><FreeStanding PropType="bool">false</FreeStanding><HasScoping PropType="bool">true</HasScoping><LoadBehavior PropType="string">Rigid</LoadBehavior><Location PropType="vector&lt;double>" UCat="Length" Unt="m">    0,    0,    0</Location><LocationX PropType="double" UCat="Length" Unt="m">    1</LocationX><LocationY PropType="double" UCat="Length" Unt="m">    1</LocationY><LocationZ PropType="double" UCat="Length" Unt="m">    1</LocationZ><NodeReferenceId PropType="unsigned int">239</NodeReferenceId><ParentId PropType="unsigned int">75</ParentId><ParentName PropType="string">Revolute - C1 To C2</ParentName><PartIds PropType="vector&lt;unsigned int>">26</PartIds><PinballSize PropType="double" UCat="Length" Unt="m">    0</PinballSize><Radius PropType="double" UCat="Length" Unt="m">    0</Radius><RefCoordSysId PropType="unsigned int">78</RefCoordSysId><RemotePointPhysicsType PropType="int">0</RemotePointPhysicsType><Scoping PropType="vector&lt;string>">82</Scoping><StageId PropType="int">0</StageId><UsedForDirectScoping PropType="bool">false</UsedForDirectScoping></RemotePointRep><RemotePointRep ObjId="84" Type="RemotePointRep" Ver="3"><BeamMaterialName PropType="string">Structural Steel</BeamMaterialName><Caption PropType="string">Internal Remote Point 7</Caption><CondensedPartId PropType="int">0</CondensedPartId><DOFMask PropType="unsigned int">119</DOFMask><DOFMaskType PropType="string">ProgramControlled</DOFMaskType><FreeStanding PropType="bool">false</FreeStanding><HasScoping PropType="bool">true</HasScoping><LoadBehavior PropType="string">Rigid</LoadBehavior><Location PropType="vector&lt;double>" UCat="Length" Unt="m">    0,    0,    0</Location><LocationX PropType="double" UCat="Length" Unt="m">    1</LocationX><LocationY PropType="double" UCat="Length" Unt="m">    1</LocationY><LocationZ PropType="double" UCat="Length" Unt="m">    1</LocationZ><NodeReferenceId PropType="unsigned int">241</NodeReferenceId><ParentId PropType="unsigned int">83</ParentId><ParentName PropType="string">Revolute - C2 To C3</ParentName><PartIds PropType="vector&lt;unsigned int>">26</PartIds><PinballSize PropType="double" UCat="Length" Unt="m">    0</PinballSize><Radius PropType="double" UCat="Length" Unt="m">    0</Radius><RefCoordSysId PropType="unsigned int">86</RefCoordSysId><RemotePointPhysicsType PropType="int">0</RemotePointPhysicsType><Scoping PropType="vector&lt;string>">89</Scoping><StageId PropType="int">0</StageId><UsedForDirectScoping PropType="bool">false</UsedForDirectScoping></RemotePointRep><RemotePointRep ObjId="85" Type="RemotePointRep" Ver="3"><BeamMaterialName PropType="string">Structural Steel</BeamMaterialName><Caption PropType="string">Internal Remote Point 8</Caption><CondensedPartId PropType="int">0</CondensedPartId><DOFMask PropType="unsigned int">119</DOFMask><DOFMaskType PropType="string">ProgramControlled</DOFMaskType><FreeStanding PropType="bool">false</FreeStanding><HasScoping PropType="bool">true</HasScoping><LoadBehavior PropType="string">Rigid</LoadBehavior><Location PropType="vector&lt;double>" UCat="Length" Unt="m">    0,    0,    0</Location><LocationX PropType="double" UCat="Length" Unt="m">    1</LocationX><LocationY PropType="double" UCat="Length" Unt="m">    1</LocationY><LocationZ PropType="double" UCat="Length" Unt="m">    1</LocationZ><NodeReferenceId PropType="unsigned int">244</NodeReferenceId><ParentId PropType="unsigned int">83</ParentId><ParentName PropType="string">Revolute - C2 To C3</ParentName><PartIds PropType="vector&lt;unsigned int>">23</PartIds><PinballSize PropType="double" UCat="Length" Unt="m">    0</PinballSize><Radius PropType="double" UCat="Length" Unt="m">    0</Radius><RefCoordSysId PropType="unsigned int">86</RefCoordSysId><RemotePointPhysicsType PropType="int">0</RemotePointPhysicsType><Scoping PropType="vector&lt;string>">90</Scoping><StageId PropType="int">0</StageId><UsedForDirectScoping PropType="bool">false</UsedForDirectScoping></RemotePointRep><RemotePointRep ObjId="92" Type="RemotePointRep" Ver="3"><BeamMaterialName PropType="string">Structural Steel</BeamMaterialName><Caption PropType="string">Internal Remote Point 9</Caption><CondensedPartId PropType="int">0</CondensedPartId><DOFMask PropType="unsigned int">119</DOFMask><DOFMaskType PropType="string">ProgramControlled</DOFMaskType><FreeStanding PropType="bool">false</FreeStanding><HasScoping PropType="bool">true</HasScoping><LoadBehavior PropType="string">Rigid</LoadBehavior><Location PropType="vector&lt;double>" UCat="Length" Unt="m">    0,    0,    0</Location><LocationX PropType="double" UCat="Length" Unt="m">    1</LocationX><LocationY PropType="double" UCat="Length" Unt="m">    1</LocationY><LocationZ PropType="double" UCat="Length" Unt="m">    1</LocationZ><NodeReferenceId PropType="unsigned int">246</NodeReferenceId><ParentId PropType="unsigned int">91</ParentId><ParentName PropType="string">Revolute - Base To C3</ParentName><PartIds PropType="vector&lt;unsigned int>">20</PartIds><PinballSize PropType="double" UCat="Length" Unt="m">    0</PinballSize><Radius PropType="double" UCat="Length" Unt="m">    0</Radius><RefCoordSysId PropType="unsigned int">94</RefCoordSysId><RemotePointPhysicsType PropType="int">0</RemotePointPhysicsType><Scoping PropType="vector&lt;string>">97</Scoping><StageId PropType="int">0</StageId><UsedForDirectScoping PropType="bool">false</UsedForDirectScoping></RemotePointRep><RemotePointRep ObjId="93" Type="RemotePointRep" Ver="3"><BeamMaterialName PropType="string">Structural Steel</BeamMaterialName><Caption PropType="string">Internal Remote Point 10</Caption><CondensedPartId PropType="int">0</CondensedPartId><DOFMask PropType="unsigned int">119</DOFMask><DOFMaskType PropType="string">ProgramControlled</DOFMaskType><FreeStanding PropType="bool">false</FreeStanding><HasScoping PropType="bool">true</HasScoping><LoadBehavior PropType="string">Rigid</LoadBehavior><Location PropType="vector&lt;double>" UCat="Length" Unt="m">    0,    0,    0</Location><LocationX PropType="double" UCat="Length" Unt="m">    1</LocationX><LocationY PropType="double" UCat="Length" Unt="m">    1</LocationY><LocationZ PropType="double" UCat="Length" Unt="m">    1</LocationZ><NodeReferenceId PropType="unsigned int">249</NodeReferenceId><ParentId PropType="unsigned int">91</ParentId><ParentName PropType="string">Revolute - Base To C3</ParentName><PartIds PropType="vector&lt;unsigned int>">23</PartIds><PinballSize PropType="double" UCat="Length" Unt="m">    0</PinballSize><Radius PropType="double" UCat="Length" Unt="m">    0</Radius><RefCoordSysId PropType="unsigned int">94</RefCoordSysId><RemotePointPhysicsType PropType="int">0</RemotePointPhysicsType><Scoping PropType="vector&lt;string>">98</Scoping><StageId PropType="int">0</StageId><UsedForDirectScoping PropType="bool">false</UsedForDirectScoping></RemotePointRep></ServiceRep></EngineeringRep><GeometryRep ObjId="116" Type="GeometryRep" Ver="2"><ActiveAssembly PropType="unsigned int">1</ActiveAssembly><PartsAssembly PropType="string">PartsAssembly.bin</PartsAssembly><Units PropType="string">m</Units></GeometryRep><MaterialLibraryRep ObjId="115" Type="MaterialLibraryRep" Ver="2"><FileName PropType="string">MatML.xml</FileName></MaterialLibraryRep><MeshRep ObjId="114" Type="MeshRep" Ver="2"><AssemblyMesh PropType="string">AssemblyMesh.bin</AssemblyMesh><Configuration PropType="unsigned int">106</Configuration><IndependentMesh PropType="string">IndependentMesh.bin</IndependentMesh><RigidBodyBehavior PropType="string">DimensionallyReduced</RigidBodyBehavior><Units PropType="string">m</Units></MeshRep><SolverRep ObjId="188" Type="SolverRep" Ver="2"><AnalysisType PropType="string">Transient</AnalysisType><IsCoupledFieldSystem PropType="bool">false</IsCoupledFieldSystem><PhysicsType PropType="string">Mechanical</PhysicsType><SolverTargetName PropType="string">MBD</SolverTargetName><SolverUnits PropType="int">11</SolverUnits><FEConnectorsRep ObjId="50" Type="FEConnectorsRep" Ver="2"><StepSelection PropType="int">0</StepSelection></FEConnectorsRep><FileManagementRep ObjId="190" Type="FileManagementRep" Ver="2"><DeleteUnneededFiles PropType="bool">false</DeleteUnneededFiles><SolverFileDirectory PropType="string"/><SolverFileRelativeDirectory PropType="string"/></FileManagementRep><ProcessControls ObjId="189" Type="ProcessControls" Ver="2"><DistributedSolve PropType="bool">true</DistributedSolve><IsLocal PropType="bool">true</IsLocal><IsRSMSolve PropType="bool">false</IsRSMSolve><License PropType="string">ansys</License><ManualMemorySettings PropType="bool">false</ManualMemorySettings><MaxProcessors PropType="int">2</MaxProcessors></ProcessControls><AnalysisSettings CAEType="extObj"><SolverSettings><Version>20.1.0.0</Version><StepControls><Steps><Step EndTime="5" IsCurrent="True" Number="1"><AutoTimeStepping>On</AutoTimeStepping><InitialTimeStep>0.01</InitialTimeStep><MinimumTimeStep>1E-07</MinimumTimeStep><MaximumTimeStep>0.05</MaximumTimeStep></Step></Steps></StepControls><SolverControls><TimeIntegrationType Value="ProgramControlled"/><DoStaticAnalysis Value="Off"/><UseStablization Value="ProgramControlled"/><UsePositionCorrection>On</UsePositionCorrection><UseVelocityCorrection>On</UseVelocityCorrection><CorrectionType Value="ProgramControlled"/><AssemblyType Value="ProgramControlled"/><DropoffTolerance>1E-06</DropoffTolerance></SolverControls><NonlinearControls><RelativeAssemblyTolerance Value="On"><RelativeAssemblyToleranceValue>0.01</RelativeAssemblyToleranceValue></RelativeAssemblyTolerance><EnergyAccuracyTolerance Value="ProgramControlled"/><RhoInf Value="ProgramControlled"/><ForceResidualTolerance Value="ProgramControlled"/><ConstraintEquationResidualTolerance Value="ProgramControlled"/><VelocityConstraintEquationResidualTolerance Value="ProgramControlled"/></NonlinearControls><OutputControls><OutputControlStep IsCurrent="True" Number="1"><CalculateResultsAt Value="AllTimePoints"/></OutputControlStep></OutputControls></SolverSettings></AnalysisSettings></SolverRep></CAERep>